{
    "dobot_foto_pos": {
        "x": 327.64,
        "y": -7.62,
        "z": 180.6,
        "r": 35
    },
    "ref_points": {
        "x1": "162.689529",
        "x2": "379.703825",
        "x3": "378.875732",
        "y1": "-187.908147",
        "y2": "-186.358470",
        "y3": "176.160297"
    },
    "marker_coord": [
        {
            "x": 306,
            "y": 168
        },
        {
            "x": 1610,
            "y": 161
        },
        {
            "x": 1622,
            "y": 949
        },
        {
            "x": 305,
            "y": 961
        }
    ]
}